age,job,marital,education,default,balance,housing,loan,contact,day,month,duration,campaign,pdays,previous,poutcome,y,weight
37,admin.,married,secondary,no,96,no,no,cellular,7,aug,155,1,99,2,success,1,1
32,management,single,tertiary,no,0,no,no,cellular,22,aug,148,2,-1,0,unknown,0,1
37,management,married,secondary,no,5447,yes,yes,cellular,17,nov,1789,1,-1,0,unknown,1,1
55,management,divorced,tertiary,no,668,no,no,cellular,28,aug,25,6,-1,0,unknown,0,1
28,housemaid,married,secondary,yes,65,yes,yes,cellular,13,may,165,1,300,1,failure,0,1
33,admin.,single,secondary,no,289,no,no,cellular,3,feb,515,3,6,13,other,0,1
52,technician,married,tertiary,no,214,no,no,cellular,29,aug,161,3,-1,0,unknown,0,1
34,management,married,secondary,no,15,no,no,cellular,25,aug,184,7,-1,0,unknown,0,1
46,management,married,secondary,no,5127,no,no,cellular,6,aug,472,1,-1,0,unknown,0,1
22,technician,single,secondary,no,333,no,yes,telephone,12,nov,129,1,-1,0,unknown,0,1
41,entrepreneur,married,primary,no,0,yes,yes,cellular,18,nov,311,1,-1,0,unknown,0,1
24,technician,single,secondary,no,726,no,no,cellular,8,sep,445,2,-1,0,unknown,1,1
37,blue-collar,married,primary,no,1322,yes,no,cellular,21,nov,14,8,185,1,other,0,1
34,technician,married,secondary,no,149,yes,no,unknown,29,may,153,2,-1,0,unknown,0,1
32,admin.,married,secondary,no,51,yes,yes,cellular,7,jul,297,1,-1,0,unknown,1,1
39,admin.,married,secondary,no,651,yes,no,cellular,22,jul,608,3,-1,0,unknown,0,1
32,admin.,single,tertiary,no,594,yes,no,unknown,13,may,134,2,-1,0,unknown,0,1
53,technician,divorced,tertiary,no,647,yes,no,unknown,16,may,512,6,-1,0,unknown,0,1
26,blue-collar,single,secondary,no,184,no,no,cellular,3,feb,110,2,6,1,other,0,1
33,management,single,tertiary,no,3655,no,no,cellular,19,aug,183,20,-1,0,unknown,0,1
45,blue-collar,married,secondary,no,7895,yes,no,cellular,4,feb,872,1,-1,0,unknown,1,1
49,management,single,tertiary,no,1093,yes,no,cellular,18,nov,152,1,-1,0,unknown,0,1
62,retired,married,secondary,no,243,no,no,cellular,25,jan,117,1,280,1,success,0,1
36,management,married,tertiary,no,105,no,no,cellular,28,jan,76,1,-1,0,unknown,0,1
32,self-employed,divorced,tertiary,no,3271,no,no,cellular,12,aug,162,1,100,3,success,0,1
37,management,married,tertiary,no,1170,no,yes,unknown,17,jun,153,3,-1,0,unknown,0,1
45,services,married,primary,no,132,no,no,cellular,14,jul,179,2,-1,0,unknown,0,1
51,retired,married,primary,no,34,yes,no,cellular,16,jul,69,2,-1,0,unknown,0,1
32,technician,married,secondary,no,175,yes,no,unknown,13,may,142,1,-1,0,unknown,0,1
43,entrepreneur,single,tertiary,no,744,no,yes,cellular,29,jul,619,4,-1,0,unknown,0,1
54,admin.,divorced,secondary,no,1383,yes,yes,cellular,30,jul,622,4,-1,0,unknown,0,1
32,technician,married,secondary,no,-360,yes,no,cellular,6,may,131,2,344,2,failure,0,1
40,admin.,single,secondary,no,-1,no,no,cellular,7,jul,173,1,-1,0,unknown,0,1
30,management,married,tertiary,no,3330,no,no,cellular,7,aug,109,6,-1,0,unknown,0,1
36,admin.,married,secondary,no,1314,yes,no,cellular,17,jul,330,3,-1,0,unknown,0,1
53,blue-collar,single,secondary,no,5715,no,no,cellular,28,jan,287,2,-1,0,unknown,0,1
35,management,single,tertiary,no,687,yes,no,unknown,30,may,166,2,-1,0,unknown,0,1
31,technician,single,tertiary,no,418,no,no,cellular,7,aug,67,6,-1,0,unknown,0,1
34,blue-collar,married,primary,no,-204,yes,no,cellular,14,may,61,6,-1,0,unknown,0,1
33,management,married,tertiary,no,452,yes,no,cellular,29,aug,168,2,-1,0,unknown,0,1
37,blue-collar,single,secondary,no,5818,no,no,unknown,17,jun,652,2,-1,0,unknown,0,1
47,services,divorced,secondary,no,-116,no,yes,cellular,25,jul,160,3,-1,0,unknown,0,1
28,blue-collar,single,tertiary,no,1984,yes,no,cellular,4,may,32,2,14,1,failure,0,1
30,student,single,secondary,no,48,no,no,cellular,25,feb,217,1,191,2,success,1,1
32,management,married,tertiary,no,92,no,no,unknown,3,jul,116,1,-1,0,unknown,0,1
27,technician,single,secondary,no,357,yes,no,unknown,29,may,382,3,-1,0,unknown,0,1
50,technician,divorced,secondary,no,1591,no,no,cellular,4,aug,209,1,-1,0,unknown,0,1
47,retired,divorced,tertiary,no,1431,yes,no,cellular,30,apr,127,1,-1,0,unknown,0,1
41,blue-collar,married,primary,no,89,yes,no,cellular,15,may,58,3,359,2,other,0,1
33,technician,married,secondary,no,241,yes,no,cellular,13,may,1108,3,-1,0,unknown,0,1
59,self-employed,married,tertiary,no,0,yes,no,cellular,23,jul,256,1,-1,0,unknown,0,1
71,retired,married,primary,no,2600,no,no,cellular,13,nov,186,2,98,1,success,1,1
54,retired,married,secondary,no,3671,no,no,unknown,11,jun,67,3,-1,0,unknown,0,1
31,management,married,tertiary,no,6980,no,no,cellular,12,aug,157,2,-1,0,unknown,0,1
60,management,married,primary,no,703,yes,no,unknown,14,may,378,1,-1,0,unknown,0,1
34,management,single,tertiary,no,1350,yes,no,unknown,21,may,68,1,-1,0,unknown,0,1
19,student,single,secondary,no,626,no,no,telephone,15,apr,117,1,-1,0,unknown,0,1
53,blue-collar,married,secondary,no,380,yes,yes,cellular,6,may,42,1,302,1,failure,0,1
39,self-employed,divorced,tertiary,no,1415,no,no,unknown,17,jun,134,1,-1,0,unknown,0,1
32,technician,single,secondary,no,562,yes,no,unknown,30,may,722,3,-1,0,unknown,1,1
46,management,divorced,secondary,no,558,no,no,cellular,19,aug,126,6,-1,0,unknown,0,1
34,blue-collar,married,secondary,no,328,yes,yes,cellular,21,nov,18,7,-1,0,unknown,0,1
33,housemaid,married,tertiary,no,10,yes,no,cellular,20,apr,129,1,322,2,failure,0,1
35,blue-collar,married,primary,no,443,yes,no,cellular,17,apr,185,2,316,3,other,0,1
45,self-employed,married,tertiary,no,-312,no,no,telephone,18,nov,46,4,-1,0,unknown,0,1
48,unemployed,married,secondary,no,926,no,no,cellular,12,aug,504,2,178,10,success,1,1
60,unknown,married,unknown,no,652,no,no,unknown,19,jun,525,1,-1,0,unknown,0,1
36,admin.,married,secondary,no,498,yes,no,cellular,29,jan,151,1,253,1,failure,0,1
28,management,single,tertiary,no,233,no,no,telephone,2,feb,51,2,-1,0,unknown,0,1
35,technician,married,tertiary,no,2188,yes,no,unknown,3,jun,680,2,-1,0,unknown,0,1
50,services,married,secondary,no,683,yes,yes,unknown,26,may,129,3,-1,0,unknown,0,1
34,blue-collar,divorced,secondary,no,1780,yes,no,unknown,2,jun,187,9,-1,0,unknown,0,1
32,management,married,tertiary,no,4761,yes,no,cellular,5,may,159,2,350,2,failure,0,1
59,retired,married,unknown,no,1491,no,no,unknown,9,jun,157,2,-1,0,unknown,0,1
37,technician,married,secondary,no,1458,no,no,cellular,30,apr,281,1,-1,0,unknown,1,1
50,blue-collar,married,secondary,no,464,no,yes,unknown,6,jun,426,2,-1,0,unknown,0,1
33,technician,single,tertiary,no,436,no,no,cellular,28,aug,258,8,-1,0,unknown,0,1
34,entrepreneur,married,secondary,no,455,yes,no,cellular,20,nov,88,1,-1,0,unknown,0,1
31,blue-collar,married,primary,no,124,yes,no,cellular,3,feb,343,1,264,4,failure,0,1
31,management,single,tertiary,no,7444,yes,yes,unknown,8,may,20,1,-1,0,unknown,0,1
26,blue-collar,married,secondary,no,818,no,no,cellular,9,jul,226,2,-1,0,unknown,0,1
53,technician,married,tertiary,no,856,yes,no,cellular,4,feb,102,2,-1,0,unknown,0,1
49,management,married,tertiary,no,412,no,no,cellular,21,nov,233,1,-1,0,unknown,0,1
71,retired,married,secondary,no,29941,no,no,telephone,18,jun,80,1,71,3,other,0,1
59,retired,divorced,tertiary,no,1197,yes,no,unknown,9,jun,329,4,-1,0,unknown,0,1
31,technician,single,secondary,no,433,no,no,cellular,11,aug,1504,2,-1,0,unknown,0,1
57,management,married,tertiary,no,16,no,no,cellular,21,aug,200,3,-1,0,unknown,0,1
42,management,married,secondary,no,-105,yes,no,cellular,28,aug,60,2,-1,0,unknown,0,1
36,services,single,secondary,no,-330,yes,no,unknown,27,may,256,2,-1,0,unknown,0,1
37,admin.,married,secondary,no,960,no,no,telephone,18,nov,50,3,-1,0,unknown,0,1
52,entrepreneur,married,secondary,no,10,no,yes,cellular,17,jul,72,3,-1,0,unknown,0,1
44,management,single,tertiary,no,1090,no,no,cellular,20,oct,178,4,93,6,success,1,1
52,technician,married,secondary,no,2944,no,no,cellular,22,aug,22,18,-1,0,unknown,0,1
34,technician,married,tertiary,no,1611,yes,no,cellular,11,may,490,2,-1,0,unknown,0,1
36,services,married,secondary,no,4721,no,no,cellular,9,dec,149,3,-1,0,unknown,1,1
43,management,married,tertiary,no,703,yes,no,cellular,12,may,67,1,-1,0,unknown,0,1
39,management,divorced,tertiary,no,5009,yes,no,cellular,15,jul,1083,2,-1,0,unknown,0,1
38,admin.,married,secondary,no,1344,yes,yes,unknown,19,may,147,2,-1,0,unknown,0,1
30,technician,married,secondary,no,574,no,no,cellular,13,aug,394,4,-1,0,unknown,0,1
46,self-employed,married,secondary,no,390,yes,no,cellular,31,jul,208,2,-1,0,unknown,0,1
22,student,single,secondary,no,216,no,no,cellular,8,feb,363,1,187,1,success,1,1
38,management,single,tertiary,no,493,yes,no,cellular,11,may,553,1,367,7,failure,0,1
40,management,married,tertiary,no,543,yes,no,cellular,2,feb,349,2,262,275,other,0,1
44,admin.,divorced,secondary,no,776,yes,no,unknown,3,jun,150,1,-1,0,unknown,0,1
40,blue-collar,married,unknown,no,486,yes,no,unknown,20,may,97,8,-1,0,unknown,0,1
51,technician,divorced,secondary,no,329,yes,no,unknown,28,may,191,5,-1,0,unknown,0,1
29,management,single,tertiary,no,36252,yes,no,cellular,30,apr,501,1,-1,0,unknown,1,1
50,blue-collar,married,primary,no,216,yes,no,telephone,13,may,137,1,369,2,failure,0,1
33,admin.,married,secondary,no,4012,no,yes,unknown,8,may,337,4,-1,0,unknown,0,1
30,services,married,secondary,no,586,yes,no,cellular,20,nov,148,6,176,4,failure,0,1
57,retired,married,secondary,no,3815,no,no,telephone,20,nov,90,2,-1,0,unknown,0,1
35,technician,single,tertiary,no,3552,no,no,cellular,21,nov,267,1,-1,0,unknown,0,1
35,services,divorced,secondary,no,221,yes,no,cellular,14,may,150,1,360,1,failure,0,1
46,unknown,single,unknown,no,63,no,no,unknown,19,jun,235,1,-1,0,unknown,0,1
32,admin.,divorced,secondary,no,1288,yes,no,cellular,12,may,286,1,-1,0,unknown,0,1
37,management,married,tertiary,no,0,yes,no,unknown,7,may,228,1,-1,0,unknown,0,1
38,technician,single,tertiary,no,369,no,no,cellular,7,aug,365,8,-1,0,unknown,0,1
32,services,single,secondary,no,6857,no,no,cellular,2,feb,216,1,-1,0,unknown,0,1
57,retired,married,primary,no,177,no,yes,cellular,21,jul,91,4,-1,0,unknown,0,1
48,admin.,married,primary,no,3644,yes,yes,telephone,31,jul,1039,9,-1,0,unknown,1,1
40,services,married,secondary,no,1291,no,yes,unknown,12,jun,138,1,-1,0,unknown,0,1
26,student,single,unknown,no,2503,no,no,cellular,30,apr,121,1,63,2,failure,0,1
34,admin.,married,tertiary,no,1636,yes,yes,cellular,6,sep,136,1,521,2,failure,0,1
53,housemaid,single,primary,no,1238,no,no,unknown,17,jun,23,3,-1,0,unknown,0,1
31,student,single,tertiary,no,64,no,no,cellular,17,mar,181,2,183,3,failure,0,1
44,admin.,divorced,secondary,no,2999,yes,no,cellular,14,may,717,1,-1,0,unknown,1,1
31,admin.,single,tertiary,no,355,yes,no,cellular,12,may,609,1,-1,0,unknown,1,1
52,blue-collar,single,secondary,no,1541,yes,no,unknown,14,may,243,1,-1,0,unknown,0,1
31,blue-collar,single,secondary,no,982,yes,no,cellular,14,may,182,1,-1,0,unknown,0,1
31,blue-collar,single,secondary,no,6982,yes,no,unknown,21,may,353,1,-1,0,unknown,0,1
61,retired,married,secondary,no,523,no,no,cellular,13,aug,211,3,183,4,success,1,1
31,management,single,tertiary,no,4509,yes,no,unknown,12,may,207,3,-1,0,unknown,0,1
38,housemaid,married,primary,no,21,no,no,cellular,26,aug,634,2,-1,0,unknown,0,1
40,blue-collar,married,secondary,no,4795,yes,no,cellular,17,apr,57,1,-1,0,unknown,0,1
34,admin.,married,tertiary,no,79,yes,no,cellular,5,aug,203,1,92,5,success,1,1
27,management,single,tertiary,no,212,yes,no,cellular,15,may,373,1,-1,0,unknown,0,1
60,technician,married,secondary,no,0,yes,no,telephone,24,jul,101,14,-1,0,unknown,0,1
41,management,single,secondary,no,1138,no,no,cellular,31,jul,283,18,-1,0,unknown,0,1
36,unemployed,married,tertiary,no,73,no,no,cellular,23,jul,172,2,-1,0,unknown,0,1
27,self-employed,single,tertiary,no,4574,no,no,cellular,12,aug,187,2,-1,0,unknown,0,1
34,blue-collar,single,secondary,no,375,yes,no,cellular,20,apr,55,1,-1,0,unknown,0,1
36,management,single,tertiary,no,1027,yes,no,cellular,4,jun,151,1,-1,0,unknown,0,1
64,retired,married,secondary,no,2031,no,no,cellular,13,nov,202,5,-1,0,unknown,0,1
48,blue-collar,married,secondary,no,4770,yes,yes,cellular,19,nov,616,2,-1,0,unknown,0,1
32,blue-collar,married,secondary,no,-103,yes,no,cellular,14,may,298,1,-1,0,unknown,0,1
50,entrepreneur,divorced,tertiary,no,315,no,no,cellular,12,jul,101,2,185,2,failure,0,1
27,blue-collar,married,secondary,no,556,yes,no,cellular,9,feb,11,7,-1,0,unknown,0,1
59,unemployed,married,primary,no,13836,no,no,telephone,20,nov,733,1,-1,0,unknown,0,1
35,self-employed,single,tertiary,no,935,yes,no,unknown,28,may,259,2,-1,0,unknown,0,1
44,services,divorced,secondary,no,0,no,yes,cellular,17,jul,275,17,-1,0,unknown,0,1
45,entrepreneur,married,tertiary,no,0,no,no,cellular,19,nov,416,2,-1,0,unknown,0,1
51,blue-collar,divorced,primary,no,-413,yes,no,unknown,29,may,331,4,-1,0,unknown,0,1
56,blue-collar,married,unknown,no,6710,no,no,cellular,29,jul,318,2,-1,0,unknown,0,1
43,technician,divorced,secondary,no,1326,no,no,cellular,26,aug,93,2,-1,0,unknown,0,1
49,management,divorced,tertiary,no,178,no,no,cellular,6,aug,174,2,-1,0,unknown,0,1
76,retired,married,secondary,no,2302,no,no,telephone,5,feb,110,1,87,2,failure,0,1
52,blue-collar,married,primary,no,-27,no,no,cellular,28,aug,51,8,-1,0,unknown,0,1
28,management,single,tertiary,no,9710,no,no,cellular,14,oct,786,2,-1,0,unknown,0,1
47,admin.,married,secondary,no,6703,no,no,cellular,14,aug,252,3,-1,0,unknown,0,1
38,management,married,unknown,no,3576,no,no,cellular,26,may,579,1,-1,0,unknown,1,1
51,blue-collar,married,primary,no,377,yes,no,telephone,3,feb,143,4,272,1,failure,0,1
37,services,married,secondary,no,343,yes,yes,cellular,7,jul,74,7,-1,0,unknown,0,1
43,blue-collar,married,primary,no,108,yes,yes,unknown,15,may,420,4,-1,0,unknown,0,1
34,unemployed,single,secondary,no,9,yes,no,unknown,14,may,153,2,-1,0,unknown,0,1
56,management,divorced,tertiary,yes,-1968,no,no,unknown,20,jun,60,3,-1,0,unknown,0,1
47,retired,divorced,secondary,no,0,no,no,unknown,19,jun,141,1,-1,0,unknown,0,1
43,blue-collar,married,primary,no,2598,no,no,cellular,5,may,272,2,-1,0,unknown,0,1
33,services,married,secondary,no,34,yes,yes,unknown,3,jun,161,1,-1,0,unknown,0,1
58,blue-collar,married,primary,no,42,yes,no,cellular,9,feb,96,6,264,3,failure,0,1
36,unemployed,divorced,primary,no,510,no,no,cellular,6,feb,258,2,-1,0,unknown,0,1
34,technician,married,secondary,no,1795,yes,no,cellular,29,aug,201,2,-1,0,unknown,0,1
27,blue-collar,single,secondary,no,5,yes,no,unknown,19,may,205,3,-1,0,unknown,0,1
32,blue-collar,married,primary,no,187,no,no,cellular,9,jul,91,1,-1,0,unknown,0,1
35,blue-collar,single,primary,no,1215,yes,no,unknown,15,may,597,1,-1,0,unknown,0,1
48,management,married,tertiary,no,11,yes,no,cellular,21,aug,102,9,-1,0,unknown,0,1
31,management,married,tertiary,no,197,yes,no,cellular,2,feb,105,1,-1,0,unknown,0,1
58,management,divorced,secondary,no,10180,no,no,cellular,3,mar,180,2,-1,0,unknown,1,1
38,management,married,secondary,no,1574,no,no,unknown,5,jun,636,1,-1,0,unknown,0,1
37,admin.,single,secondary,no,3049,yes,yes,unknown,29,may,153,1,-1,0,unknown,0,1
28,admin.,single,secondary,no,2290,yes,no,cellular,18,may,2301,1,-1,0,unknown,1,1
34,blue-collar,married,primary,no,267,yes,no,unknown,7,may,362,1,-1,0,unknown,0,1
49,entrepreneur,married,secondary,no,89,yes,no,cellular,12,may,351,1,-1,0,unknown,0,1
48,technician,married,secondary,no,658,no,no,cellular,5,feb,109,4,-1,0,unknown,0,1
35,management,married,tertiary,no,0,no,no,cellular,17,jul,127,5,-1,0,unknown,0,1
33,management,single,secondary,no,99,yes,no,unknown,26,may,160,11,-1,0,unknown,0,1
42,management,married,tertiary,no,157,yes,yes,cellular,28,jan,136,1,-1,0,unknown,0,1
37,management,married,tertiary,no,0,yes,no,cellular,21,nov,227,1,-1,0,unknown,0,1
36,management,married,secondary,no,1825,yes,no,cellular,14,may,24,1,346,1,failure,0,1
47,management,divorced,tertiary,no,8226,yes,no,cellular,30,jul,137,2,-1,0,unknown,0,1
34,blue-collar,married,secondary,no,2595,yes,yes,cellular,17,apr,126,1,336,2,other,0,1
51,blue-collar,married,tertiary,no,7816,yes,no,unknown,12,may,76,2,-1,0,unknown,0,1
26,management,married,tertiary,no,3360,yes,no,cellular,29,jan,774,1,-1,0,unknown,0,1
29,management,married,tertiary,no,1441,yes,no,cellular,4,feb,80,2,-1,0,unknown,1,1
26,blue-collar,married,secondary,yes,-82,yes,no,unknown,4,jun,23,2,-1,0,unknown,0,1
37,management,married,tertiary,no,0,no,no,cellular,4,aug,96,1,-1,0,unknown,0,1
58,technician,married,secondary,no,2073,no,no,unknown,2,jun,393,3,-1,0,unknown,0,1
57,technician,divorced,secondary,no,77,yes,yes,cellular,29,jan,168,3,246,2,failure,0,1
42,management,single,tertiary,no,4264,yes,no,unknown,28,may,882,1,-1,0,unknown,0,1
50,admin.,married,secondary,no,4117,no,no,cellular,21,nov,530,1,-1,0,unknown,1,1
31,admin.,single,secondary,no,410,no,no,cellular,25,oct,182,1,185,1,success,1,1
67,retired,married,tertiary,no,3810,no,no,cellular,21,oct,1206,1,-1,0,unknown,0,1
51,entrepreneur,married,secondary,no,2156,yes,no,cellular,25,jul,84,3,-1,0,unknown,0,1
31,self-employed,married,secondary,no,296,yes,yes,cellular,24,jul,171,1,-1,0,unknown,0,1
38,blue-collar,married,secondary,no,526,yes,yes,unknown,23,may,553,2,-1,0,unknown,0,1
40,blue-collar,married,secondary,no,72,yes,no,unknown,26,jun,110,3,-1,0,unknown,0,1
69,housemaid,married,primary,no,1080,no,no,cellular,22,apr,164,2,-1,0,unknown,0,1
54,technician,married,secondary,no,0,no,no,telephone,5,feb,744,3,-1,0,unknown,1,1
27,technician,single,secondary,no,842,no,no,cellular,30,jul,273,1,91,1,other,0,1
57,retired,married,unknown,no,1621,yes,no,unknown,19,jun,108,1,-1,0,unknown,0,1
55,management,married,tertiary,no,0,yes,yes,cellular,3,sep,187,2,-1,0,unknown,0,1
30,blue-collar,married,primary,no,1023,yes,no,unknown,21,may,168,3,-1,0,unknown,0,1
26,services,married,secondary,no,116,no,no,cellular,5,feb,319,2,-1,0,unknown,0,1
77,retired,married,tertiary,no,7802,no,no,telephone,1,feb,483,2,-1,0,unknown,1,1
48,blue-collar,married,secondary,no,1738,yes,no,cellular,15,apr,349,1,-1,0,unknown,0,1
50,unemployed,married,primary,no,705,no,no,unknown,5,jun,504,1,-1,0,unknown,1,1
37,services,married,secondary,no,321,yes,no,cellular,11,may,222,2,300,2,failure,0,1
43,unemployed,divorced,secondary,no,4094,yes,no,cellular,21,nov,63,1,-1,0,unknown,0,1
30,management,married,tertiary,no,1185,yes,no,cellular,18,nov,342,2,120,4,failure,0,1
35,blue-collar,divorced,primary,no,0,no,no,unknown,1,jul,55,1,-1,0,unknown,0,1
49,admin.,married,secondary,no,635,no,no,telephone,22,jul,400,8,-1,0,unknown,0,1
46,entrepreneur,married,secondary,no,118,yes,no,cellular,9,jul,296,1,-1,0,unknown,0,1
26,blue-collar,married,primary,no,40,no,yes,cellular,28,jul,49,3,-1,0,unknown,0,1
57,retired,married,tertiary,no,29,no,no,telephone,10,jul,532,2,-1,0,unknown,0,1
40,management,single,tertiary,no,-275,yes,no,unknown,8,may,219,2,-1,0,unknown,0,1
46,admin.,married,unknown,no,2033,no,no,cellular,24,feb,99,2,86,5,failure,0,1
38,technician,single,tertiary,no,-256,yes,no,unknown,9,may,116,1,-1,0,unknown,0,1
47,technician,married,secondary,no,3478,no,no,unknown,18,jun,13,11,-1,0,unknown,0,1
36,entrepreneur,married,secondary,no,660,yes,yes,cellular,17,apr,430,1,-1,0,unknown,0,1
37,admin.,married,secondary,no,0,yes,no,cellular,22,jul,185,1,-1,0,unknown,0,1
50,blue-collar,married,secondary,no,2013,no,yes,cellular,22,jul,226,1,-1,0,unknown,0,1
49,self-employed,married,tertiary,no,206,yes,no,unknown,23,jul,108,2,-1,0,unknown,0,1
41,technician,married,secondary,no,2185,yes,no,cellular,7,apr,157,4,309,4,other,0,1
41,management,single,tertiary,no,1253,no,no,cellular,21,jul,1134,5,-1,0,unknown,1,1
28,admin.,married,secondary,no,642,yes,no,cellular,3,feb,481,2,-1,0,unknown,0,1
56,technician,married,tertiary,no,655,yes,yes,cellular,8,apr,326,1,-1,0,unknown,0,1
42,technician,divorced,secondary,no,214,no,no,cellular,16,apr,127,1,-1,0,unknown,1,1
45,blue-collar,married,secondary,no,1583,yes,no,cellular,7,aug,84,7,-1,0,unknown,0,1
37,management,married,tertiary,no,50,no,yes,cellular,17,jul,105,1,-1,0,unknown,0,1
38,technician,married,secondary,no,183,yes,no,cellular,16,apr,256,3,339,2,failure,0,1
37,admin.,married,secondary,no,36,yes,no,unknown,13,may,428,1,-1,0,unknown,0,1
33,technician,married,secondary,no,359,yes,no,cellular,20,apr,210,1,242,1,other,0,1
48,blue-collar,married,primary,no,147,no,no,cellular,19,aug,158,8,-1,0,unknown,0,1
54,admin.,married,secondary,no,222,yes,no,unknown,9,may,45,2,-1,0,unknown,0,1
42,services,married,secondary,no,737,yes,no,unknown,14,may,762,2,-1,0,unknown,0,1
28,blue-collar,married,secondary,no,781,yes,no,unknown,27,may,749,2,-1,0,unknown,0,1
34,blue-collar,single,primary,no,505,yes,no,unknown,13,may,351,1,-1,0,unknown,0,1
60,retired,married,secondary,no,-208,yes,no,unknown,15,may,104,1,-1,0,unknown,0,1
48,blue-collar,married,secondary,no,426,yes,yes,cellular,12,aug,186,2,-1,0,unknown,0,1
55,management,married,tertiary,no,5804,no,no,unknown,24,jun,56,3,-1,0,unknown,0,1
33,technician,single,secondary,no,0,yes,yes,cellular,9,feb,47,2,12,4,other,0,1
53,management,married,secondary,no,90,yes,no,telephone,20,apr,67,5,-1,0,unknown,0,1
32,blue-collar,married,secondary,no,2549,yes,no,unknown,23,may,246,3,-1,0,unknown,0,1
37,management,married,tertiary,no,5106,no,no,cellular,30,apr,244,1,-1,0,unknown,1,1
29,services,single,tertiary,no,737,yes,yes,cellular,30,jan,499,5,248,1,failure,0,1
31,blue-collar,single,secondary,no,178,yes,no,cellular,15,may,415,1,360,5,failure,0,1
47,technician,married,secondary,no,0,no,no,unknown,11,nov,74,1,-1,0,unknown,0,1
30,services,married,secondary,no,1399,no,no,cellular,28,jul,168,6,-1,0,unknown,0,1
39,housemaid,married,secondary,no,1372,yes,yes,cellular,5,may,206,1,355,1,failure,0,1
48,admin.,married,secondary,no,-582,yes,no,cellular,5,may,325,2,-1,0,unknown,0,1
78,retired,married,tertiary,no,226,no,no,telephone,6,nov,136,1,-1,0,unknown,0,1
33,management,single,tertiary,no,0,no,no,cellular,11,aug,699,7,-1,0,unknown,1,1
34,services,married,secondary,no,-102,yes,no,cellular,18,jul,185,1,-1,0,unknown,0,1
61,housemaid,married,primary,no,2580,no,no,cellular,16,sep,270,3,202,7,other,1,1
34,technician,divorced,secondary,no,17,yes,no,cellular,18,may,375,3,-1,0,unknown,0,1
50,management,married,tertiary,no,0,no,no,unknown,11,jun,916,1,-1,0,unknown,0,1
51,blue-collar,married,secondary,no,3370,yes,no,cellular,11,may,59,1,-1,0,unknown,0,1
30,admin.,married,secondary,yes,-938,yes,no,unknown,3,jun,438,1,-1,0,unknown,0,1
36,technician,single,secondary,no,333,no,no,cellular,7,aug,44,2,-1,0,unknown,0,1
21,services,single,secondary,no,3033,yes,no,cellular,6,may,347,1,-1,0,unknown,0,1
43,self-employed,married,secondary,no,5317,no,no,cellular,31,jul,244,2,-1,0,unknown,0,1
53,housemaid,married,primary,no,1869,no,no,cellular,11,aug,102,4,-1,0,unknown,0,1
36,services,married,secondary,no,338,no,no,unknown,14,may,90,1,-1,0,unknown,0,1
31,technician,divorced,secondary,no,646,yes,no,unknown,30,may,294,3,-1,0,unknown,0,1
26,services,single,secondary,no,397,no,no,cellular,29,jan,268,1,-1,0,unknown,0,1
29,admin.,divorced,secondary,no,-254,yes,no,cellular,14,may,406,2,-1,0,unknown,1,1
37,management,married,tertiary,no,1125,yes,no,unknown,3,jun,301,1,-1,0,unknown,0,1
59,management,married,tertiary,no,3421,no,no,cellular,4,may,121,5,-1,0,unknown,0,1
32,admin.,married,secondary,no,342,no,no,cellular,29,jan,179,1,-1,0,unknown,0,1
36,blue-collar,single,secondary,no,2596,no,no,unknown,18,jun,60,6,-1,0,unknown,0,1
59,technician,married,secondary,no,2308,no,no,cellular,30,apr,815,1,87,1,other,1,1
44,self-employed,married,primary,no,4,no,no,cellular,12,aug,327,2,-1,0,unknown,0,1
60,retired,married,secondary,no,18967,yes,no,cellular,29,jan,177,2,-1,0,unknown,1,1
70,retired,married,secondary,no,6422,no,no,cellular,10,mar,122,1,-1,0,unknown,1,1
51,admin.,married,secondary,no,-895,yes,no,cellular,20,apr,104,5,-1,0,unknown,0,1
58,admin.,married,secondary,no,169,no,no,cellular,13,may,336,3,87,5,success,1,1
29,management,single,tertiary,no,536,no,no,cellular,29,jan,418,2,-1,0,unknown,0,1
28,technician,single,secondary,no,1,yes,no,unknown,29,may,364,3,-1,0,unknown,0,1
24,admin.,single,secondary,no,507,yes,no,unknown,13,may,210,3,-1,0,unknown,0,1
32,blue-collar,married,primary,no,-89,yes,no,unknown,9,may,389,2,-1,0,unknown,0,1
60,admin.,married,secondary,no,-396,yes,no,cellular,11,may,443,1,350,1,failure,0,1
48,blue-collar,married,primary,no,134,yes,no,unknown,28,may,315,2,-1,0,unknown,0,1
24,services,single,secondary,no,11,yes,no,unknown,27,jun,114,4,-1,0,unknown,0,1
35,blue-collar,single,primary,no,227,no,yes,unknown,5,jun,414,1,-1,0,unknown,0,1
55,technician,single,unknown,no,776,no,no,unknown,9,jun,67,1,-1,0,unknown,0,1
46,blue-collar,married,secondary,no,442,yes,no,unknown,7,may,105,2,-1,0,unknown,0,1
49,management,married,tertiary,no,1216,yes,yes,unknown,30,may,244,2,-1,0,unknown,0,1
58,retired,married,secondary,no,8332,no,no,unknown,17,nov,164,2,96,4,failure,0,1
35,blue-collar,married,primary,no,1383,yes,no,unknown,27,may,269,2,-1,0,unknown,0,1
56,blue-collar,married,secondary,no,0,no,no,cellular,19,aug,432,15,-1,0,unknown,0,1
34,self-employed,single,tertiary,no,693,yes,no,cellular,24,jul,130,1,-1,0,unknown,0,1
44,technician,divorced,secondary,no,-865,yes,no,cellular,20,apr,334,1,-1,0,unknown,0,1
55,technician,married,secondary,no,3207,no,no,cellular,28,jan,158,2,153,12,failure,0,1
34,blue-collar,married,secondary,no,398,yes,no,cellular,3,jun,161,2,-1,0,unknown,0,1
41,blue-collar,divorced,secondary,no,257,yes,no,cellular,5,may,442,2,-1,0,unknown,0,1
42,services,married,primary,no,124,yes,no,cellular,2,feb,164,2,262,2,failure,0,1
36,management,married,tertiary,no,2823,no,no,unknown,9,jun,411,2,-1,0,unknown,0,1
53,entrepreneur,married,tertiary,no,22370,yes,no,unknown,15,may,106,1,-1,0,unknown,0,1
35,management,single,tertiary,no,205,yes,no,unknown,16,may,512,1,-1,0,unknown,0,1
30,technician,divorced,secondary,no,3100,yes,no,unknown,21,may,154,4,-1,0,unknown,0,1
43,blue-collar,married,secondary,no,500,yes,no,cellular,14,jul,324,2,-1,0,unknown,0,1
28,admin.,married,secondary,no,-247,yes,yes,cellular,30,jan,121,1,240,2,failure,0,1
38,blue-collar,single,primary,no,490,yes,yes,unknown,25,aug,17,1,-1,0,unknown,0,1
45,admin.,married,tertiary,no,2552,no,no,cellular,1,jun,69,1,293,7,failure,1,1
31,management,married,tertiary,no,1400,yes,no,cellular,30,jan,175,2,2,1,other,0,1
55,management,married,unknown,no,1185,no,no,unknown,5,may,677,1,-1,0,unknown,0,1
30,blue-collar,married,secondary,no,246,yes,no,cellular,17,apr,191,1,150,7,failure,0,1
59,blue-collar,married,secondary,no,12928,no,no,cellular,8,aug,66,2,-1,0,unknown,0,1
33,admin.,married,secondary,no,1293,yes,no,cellular,15,may,245,9,373,2,failure,0,1
45,management,married,tertiary,no,3857,yes,no,cellular,11,aug,425,2,190,1,failure,0,1
25,blue-collar,married,secondary,no,101,no,yes,cellular,8,jul,460,3,-1,0,unknown,1,1
27,management,married,tertiary,no,145,no,no,cellular,29,jan,103,1,-1,0,unknown,0,1
40,technician,married,tertiary,no,103,yes,no,unknown,8,may,135,2,-1,0,unknown,0,1
51,admin.,married,secondary,no,3025,no,no,cellular,7,may,476,1,352,1,other,1,1
49,services,married,secondary,no,400,no,no,cellular,21,aug,151,3,-1,0,unknown,0,1
57,technician,divorced,secondary,no,1244,yes,no,cellular,18,jul,383,1,-1,0,unknown,0,1
45,admin.,divorced,secondary,no,479,no,no,cellular,2,feb,83,2,-1,0,unknown,0,1
67,self-employed,married,tertiary,no,1979,no,no,cellular,10,sep,105,2,-1,0,unknown,0,1
37,blue-collar,married,secondary,no,395,yes,no,unknown,6,may,219,2,-1,0,unknown,0,1
52,housemaid,married,primary,no,3283,no,no,unknown,11,jun,553,1,-1,0,unknown,0,1
32,management,single,secondary,no,0,yes,no,cellular,17,jul,139,5,-1,0,unknown,0,1
30,technician,single,secondary,yes,1,no,no,cellular,7,aug,407,4,-1,0,unknown,0,1
32,management,married,tertiary,no,134,no,yes,cellular,29,aug,162,2,-1,0,unknown,0,1
38,management,married,tertiary,no,12877,no,no,unknown,17,jun,118,3,-1,0,unknown,0,1
39,management,married,tertiary,no,13021,no,no,cellular,5,aug,425,2,-1,0,unknown,0,1
33,technician,married,secondary,no,1166,no,no,cellular,11,aug,90,3,-1,0,unknown,0,1
30,technician,divorced,secondary,no,3028,yes,no,cellular,28,aug,65,5,-1,0,unknown,0,1
39,admin.,married,secondary,no,2319,no,no,cellular,21,nov,48,1,137,1,failure,0,1
44,retired,divorced,primary,no,2083,yes,no,unknown,28,may,124,1,-1,0,unknown,0,1
29,admin.,married,secondary,no,182,yes,yes,unknown,6,may,477,1,-1,0,unknown,0,1
34,management,married,secondary,no,-285,yes,no,cellular,15,may,192,1,276,3,failure,0,1
33,blue-collar,single,secondary,no,6285,yes,no,unknown,2,jun,689,3,-1,0,unknown,0,1
53,blue-collar,single,secondary,no,156,yes,yes,unknown,7,may,259,4,-1,0,unknown,0,1
46,blue-collar,married,secondary,no,6253,yes,no,cellular,9,jul,411,1,-1,0,unknown,0,1
43,services,single,secondary,no,848,no,no,unknown,5,jun,168,2,-1,0,unknown,0,1
75,retired,divorced,primary,no,852,no,no,cellular,16,sep,228,1,185,1,failure,0,1
57,blue-collar,divorced,primary,no,-176,yes,no,unknown,8,may,275,1,-1,0,unknown,0,1
29,admin.,single,secondary,no,891,yes,no,cellular,14,may,172,2,352,1,failure,0,1
36,management,married,tertiary,no,1988,yes,yes,cellular,25,jul,102,2,-1,0,unknown,0,1
39,management,married,tertiary,no,8195,no,no,cellular,5,aug,121,3,-1,0,unknown,0,1
33,services,married,primary,no,6904,no,no,telephone,20,nov,114,2,-1,0,unknown,0,1
38,management,single,unknown,no,715,yes,no,cellular,2,apr,951,1,132,3,failure,0,1
54,management,married,tertiary,no,397,yes,no,cellular,11,may,102,1,-1,0,unknown,0,1
41,technician,divorced,secondary,no,258,no,no,cellular,13,aug,104,6,-1,0,unknown,0,1
25,blue-collar,single,primary,no,6,yes,yes,unknown,27,may,174,2,-1,0,unknown,0,1
34,housemaid,single,tertiary,no,43,no,no,cellular,25,aug,198,8,-1,0,unknown,0,1
27,management,single,tertiary,no,2786,no,no,cellular,15,jun,270,2,377,3,success,0,1
45,blue-collar,single,primary,no,2121,no,no,cellular,21,nov,326,2,-1,0,unknown,0,1
27,technician,single,tertiary,no,931,yes,no,cellular,4,feb,1078,1,-1,0,unknown,1,1
56,self-employed,married,tertiary,no,350,no,no,cellular,3,feb,83,3,-1,0,unknown,0,1
74,retired,married,primary,no,0,no,no,telephone,13,aug,562,2,-1,0,unknown,1,1
24,admin.,single,secondary,no,1295,no,no,cellular,21,apr,476,1,-1,0,unknown,1,1
53,entrepreneur,married,primary,no,27,yes,no,telephone,10,sep,230,3,-1,0,unknown,1,1
51,technician,married,secondary,no,117,no,no,cellular,24,aug,467,2,88,4,other,1,1
27,services,single,secondary,no,167,no,yes,cellular,8,jul,606,2,-1,0,unknown,0,1
79,retired,divorced,primary,no,336,no,no,cellular,6,oct,386,1,184,1,other,0,1
30,services,married,secondary,no,253,yes,no,cellular,5,may,235,2,-1,0,unknown,0,1
38,unemployed,single,secondary,no,2876,no,no,cellular,2,feb,245,2,-1,0,unknown,0,1
49,housemaid,married,tertiary,no,443,no,no,cellular,8,aug,27,6,-1,0,unknown,0,1
40,services,single,secondary,no,1547,yes,no,cellular,20,nov,405,1,-1,0,unknown,1,1
24,technician,single,secondary,no,-103,yes,yes,unknown,5,may,145,1,-1,0,unknown,0,1
33,entrepreneur,married,tertiary,no,1145,yes,no,cellular,14,may,92,3,-1,0,unknown,0,1
48,management,married,tertiary,no,2,no,no,cellular,16,jun,79,2,-1,0,unknown,0,1
35,blue-collar,married,primary,no,4366,yes,no,unknown,28,may,173,3,-1,0,unknown,0,1
32,management,single,tertiary,no,3616,no,no,cellular,14,aug,165,2,-1,0,unknown,0,1
36,blue-collar,married,secondary,no,1790,yes,no,cellular,16,apr,386,2,-1,0,unknown,0,1
55,blue-collar,single,tertiary,no,325,yes,no,unknown,8,may,693,1,-1,0,unknown,0,1
60,blue-collar,married,secondary,no,19447,yes,no,telephone,9,jul,196,1,-1,0,unknown,0,1
50,management,married,tertiary,no,3327,no,no,cellular,25,aug,74,7,-1,0,unknown,0,1
26,student,single,tertiary,no,13887,no,no,cellular,10,sep,199,4,-1,0,unknown,0,1
36,self-employed,divorced,tertiary,no,1354,yes,no,cellular,14,may,1723,1,356,2,success,1,1
34,entrepreneur,married,secondary,no,223,no,yes,cellular,11,aug,103,6,-1,0,unknown,0,1
46,entrepreneur,single,tertiary,no,580,yes,no,unknown,13,may,36,1,-1,0,unknown,0,1
29,management,single,tertiary,no,42,yes,no,unknown,26,jun,91,4,-1,0,unknown,0,1
46,unemployed,married,secondary,no,2940,yes,no,unknown,29,may,195,2,-1,0,unknown,0,1
42,blue-collar,divorced,secondary,no,685,yes,no,unknown,30,may,204,4,-1,0,unknown,0,1
33,entrepreneur,single,tertiary,no,300,yes,yes,cellular,30,jan,922,5,-1,0,unknown,1,1
49,technician,married,secondary,no,788,no,no,unknown,17,jun,162,7,-1,0,unknown,0,1
59,housemaid,married,primary,no,0,no,yes,telephone,28,jul,40,2,-1,0,unknown,0,1
35,admin.,married,secondary,no,165,no,yes,unknown,20,jun,109,1,-1,0,unknown,0,1
39,management,married,tertiary,no,22,yes,no,unknown,2,jun,493,1,-1,0,unknown,0,1
34,management,single,tertiary,no,0,no,no,cellular,5,feb,71,1,-1,0,unknown,0,1
54,housemaid,divorced,secondary,no,1327,no,no,unknown,5,jun,115,2,-1,0,unknown,0,1
49,management,single,tertiary,no,354,yes,no,unknown,19,may,166,3,-1,0,unknown,0,1
28,unemployed,single,tertiary,no,0,yes,no,unknown,5,may,125,2,-1,0,unknown,0,1
32,services,married,secondary,no,61,yes,no,cellular,8,jul,529,5,-1,0,unknown,0,1
42,blue-collar,married,primary,no,21,yes,no,cellular,13,may,383,5,288,11,other,0,1
60,retired,married,primary,no,1216,no,no,cellular,28,jan,156,1,-1,0,unknown,0,1
56,services,married,secondary,no,473,yes,no,unknown,6,may,416,1,-1,0,unknown,0,1
39,unemployed,married,secondary,no,1309,yes,no,cellular,4,feb,587,2,-1,0,unknown,0,1
47,technician,married,primary,no,145,yes,no,unknown,7,may,157,6,-1,0,unknown,0,1
60,unemployed,married,secondary,no,2000,no,no,cellular,8,apr,58,1,-1,0,unknown,0,1
30,technician,single,secondary,no,800,no,no,telephone,28,jan,60,2,-1,0,unknown,0,1
25,student,married,tertiary,no,0,yes,no,cellular,9,jul,160,1,-1,0,unknown,0,1
38,self-employed,married,tertiary,no,327,yes,no,cellular,6,may,69,2,-1,0,unknown,0,1
32,blue-collar,divorced,secondary,no,98,yes,no,cellular,29,jan,364,2,-1,0,unknown,0,1
29,management,single,unknown,no,698,no,no,cellular,8,feb,186,1,-1,0,unknown,0,1
36,services,married,secondary,no,321,yes,no,cellular,15,jul,160,2,-1,0,unknown,0,1
42,self-employed,married,secondary,no,1216,yes,no,cellular,23,apr,296,1,521,1,failure,1,1
34,management,single,tertiary,no,1190,no,no,cellular,3,feb,18,7,-1,0,unknown,0,1
35,self-employed,married,secondary,no,3329,no,no,cellular,18,nov,166,1,-1,0,unknown,0,1
39,blue-collar,married,primary,no,481,yes,no,unknown,8,may,204,1,-1,0,unknown,0,1
60,retired,married,secondary,yes,0,no,no,cellular,19,aug,316,2,-1,0,unknown,0,1
34,blue-collar,married,primary,no,-288,yes,no,unknown,19,may,643,1,-1,0,unknown,0,1
31,management,single,tertiary,no,350,no,no,cellular,18,aug,471,2,-1,0,unknown,0,1
33,services,married,secondary,no,4963,yes,no,unknown,20,may,148,2,-1,0,unknown,0,1
39,entrepreneur,married,secondary,no,0,no,no,unknown,20,jun,375,1,-1,0,unknown,0,1
36,admin.,single,secondary,no,0,yes,yes,unknown,28,may,117,6,-1,0,unknown,0,1
43,admin.,single,secondary,no,2527,yes,no,unknown,7,may,276,4,-1,0,unknown,0,1
43,entrepreneur,married,secondary,no,0,no,no,telephone,4,may,6,4,-1,0,unknown,0,1
34,management,single,tertiary,no,11350,yes,no,cellular,15,may,153,1,176,1,failure,0,1
35,unemployed,married,secondary,no,759,no,no,cellular,19,nov,556,3,-1,0,unknown,0,1
35,self-employed,single,tertiary,no,4693,yes,no,cellular,21,nov,227,5,-1,0,unknown,0,1
49,blue-collar,married,primary,no,183,yes,yes,cellular,6,feb,257,2,-1,0,unknown,0,1
47,housemaid,divorced,secondary,no,26,no,no,cellular,22,aug,48,4,-1,0,unknown,0,1
53,unemployed,married,secondary,no,582,yes,no,unknown,8,may,96,2,-1,0,unknown,0,1
46,services,divorced,primary,no,3854,yes,no,cellular,17,apr,541,2,150,4,other,0,1
32,management,married,tertiary,no,0,no,no,cellular,29,aug,183,2,-1,0,unknown,0,1
56,unknown,married,unknown,no,361,no,no,unknown,20,jun,247,7,-1,0,unknown,0,1
45,entrepreneur,married,secondary,no,4688,no,no,cellular,7,jul,112,10,-1,0,unknown,0,1
37,blue-collar,married,secondary,no,298,yes,no,cellular,31,jul,10,6,-1,0,unknown,0,1
55,blue-collar,single,primary,no,39,yes,no,unknown,26,may,128,5,-1,0,unknown,0,1
23,blue-collar,single,secondary,no,206,yes,no,cellular,20,apr,116,3,-1,0,unknown,0,1
42,blue-collar,divorced,secondary,no,498,yes,no,cellular,11,may,173,2,-1,0,unknown,0,1
43,technician,married,primary,no,4844,yes,no,cellular,19,nov,434,1,-1,0,unknown,0,1
57,technician,married,secondary,no,2550,no,no,cellular,29,jan,73,2,-1,0,unknown,0,1
49,technician,divorced,tertiary,no,0,no,no,cellular,19,aug,68,2,-1,0,unknown,0,1
49,blue-collar,single,primary,no,-165,yes,yes,cellular,28,jul,151,3,-1,0,unknown,0,1
28,management,single,secondary,no,967,yes,no,cellular,20,apr,174,1,334,1,failure,0,1
30,blue-collar,single,secondary,no,1073,yes,no,cellular,5,may,1130,4,-1,0,unknown,0,1
55,admin.,married,secondary,no,8304,no,no,cellular,1,sep,193,1,92,1,success,1,1
41,technician,married,secondary,no,902,no,no,unknown,16,jun,35,6,-1,0,unknown,0,1
43,blue-collar,married,secondary,no,664,yes,no,unknown,12,jun,354,1,-1,0,unknown,0,1
38,blue-collar,divorced,secondary,no,727,yes,no,unknown,16,jun,119,2,-1,0,unknown,0,1
31,technician,single,tertiary,no,703,yes,no,unknown,8,may,943,2,-1,0,unknown,1,1
53,technician,single,secondary,yes,-435,yes,yes,unknown,16,jun,131,2,-1,0,unknown,0,1
34,technician,single,secondary,no,664,yes,yes,cellular,11,may,88,2,343,2,other,0,1
58,blue-collar,married,primary,no,1406,yes,no,unknown,14,may,252,3,-1,0,unknown,0,1
58,retired,married,primary,no,1980,no,no,cellular,5,jun,255,1,-1,0,unknown,1,1
32,technician,married,secondary,no,3322,yes,no,cellular,20,apr,380,1,74,4,failure,0,1
50,admin.,married,secondary,yes,-437,yes,yes,unknown,17,jun,83,1,-1,0,unknown,0,1
58,retired,married,secondary,no,13189,no,yes,cellular,6,aug,181,2,-1,0,unknown,0,1
31,blue-collar,married,secondary,no,-110,yes,no,unknown,26,may,440,1,-1,0,unknown,0,1
